<?xml version="1.0" encoding="iso-8859-1"?>
<Users>
<user>
<id>1</id>
   <firstName>Admin</firstName>
    <lastName>admin</lastName>
    <address/>
   <city/>
    <province/>
    <postalCode/>
    <email>admin@admin.com</email>
    <password>admin</password>
    
<cart>
    
  <item><productName>Bananas</productName><img>https://images.everydayhealth.com/images/diet-nutrition/all-about-bananas-nutrition-facts-health-benefits-recipes-and-more-rm-722x406.jpg?w=1110</img><price>$3.57/pack</price><quantity>3</quantity></item><item><productName>Red apples</productName><img/><price>$2.36/pack</price><quantity>1</quantity></item><item><productName>Kiwis</productName><img>https://cdn.britannica.com/s:1500x700,q:85/45/126445-004-90305E10/Kiwi-fruit.jpg</img><price>$5.45/pack</price><quantity>1</quantity></item><item><productName>Oranges</productName><img>https://images.unsplash.com/photo-1611080626919-7cf5a9dbab5b?ixlib=rb-1.2.1-ixid=MnwxMjA3fDB8MHxwaG90by1wYWdlfHx8fGVufDB8fHx8-auto=format-fit=crop-w=735-q=80</img><price>$5.70/pack</price><quantity>1</quantity></item></cart></user>

<user>
<id>2</id>
<firstName>Reuven</firstName>
<lastName>Ostrofsky</lastName>
<contact>12345667</contact>
<address>5714 Davies</address>
<city>Montreal</city>
<province>Quebec</province>
<postalCode>H4W 2R2</postalCode>
<email>reuven1203@gmail.com</email>
<password>12345</password>

<cart>
<item><productName>Rye Bread</productName><img>https://images.unsplash.com/photo-1509440159596-0249088772ff?ixid=MnwxMjA3fDB8MHxwaG90by1wYWdlfHx8fGVufDB8fHx8-ixlib=rb-1.2.1-auto=format-fit=crop-w=1472-q=80.jpg</img><price>$4.55/loaf</price><quantity>1</quantity></item><item><productName>Sourdough Bread</productName><img>https://images.unsplash.com/photo-1585478259715-876a6a81fc08?ixlib=rb-1.2.1-ixid=MnwxMjA3fDB8MHxwaG90by1wYWdlfHx8fGVufDB8fHx8-auto=format-fit=crop-w=1471-q=80</img><price>$6.96/loaf</price><quantity>1</quantity></item><item><productName>Bagel</productName><img/><price/><quantity>1</quantity></item><item><productName>Tuna Steak</productName><img>https://theheritagecook.com/wp-content/uploads/2012/01/Raw-Ahi-Tuna-Steaks2-iStock.jpg</img><price>$30.00/lb</price><quantity>1</quantity></item></cart></user>    






</Users>
